{
  "timestamp": "2025-07-25T06:41:06.653891",
  "contract_address": "0x5Ad808FAE645BA3682170467114e5b80A70bF276",
  "network": "LUKSO Testnet",
  "platform_info": {
    "weeklyDrawId": 1,
    "monthlyDrawId": 0,
    "monthlyPoolBalance": "1753813488",
    "monthlyPoolBalance_LYX": 1.753813488e-09,
    "lastWeeklyDrawTime": 0,
    "nextMonthlyDraw": 82200000000000000
  },
  "platform_stats": {
    "totalPrizesDistributed": "14",
    "totalPrizesDistributed_LYX": 1.4e-17,
    "totalTicketsSold": 75,
    "totalDrawsCreated": 2242764000000000000,
    "totalExecutions": 4
  },
  "active_draws": [
    {
      "drawId": 1,
      "creator": "0x5Ad808FAE645BA3682170467114e5b80A70bF276",
      "drawType": 3,
      "drawTypeName": "WEEKLY",
      "tokenAddress": "0x0000000000000000000000000000000000000000",
      "ticketPrice": "250000000000000000",
      "ticketPrice_LYX": 0.25,
      "maxTickets": 115792089237316195423570985008687907853269984665640564039457584007913129639935,
      "ticketsSold": 11,
      "prizePool": "2750000000000000000",
      "prizePool_LYX": 2.75,
      "startTime": 1753208688,
      "endTime": 1753813488,
      "minParticipants": 0,
      "platformFeePercent": 500,
      "isCompleted": false,
      "isCancelled": false,
      "participantCount": 1,
      "monthlyPoolContribution": "0",
      "isActive": true,
      "timeRemaining": 387828
    },
    {
      "drawId": 2,
      "creator": "0x38e456661bc6e95A3aCf3B4673844Cb389b60243",
      "drawType": 0,
      "drawTypeName": "LYX",
      "tokenAddress": "0x0000000000000000000000000000000000000000",
      "ticketPrice": "1000000000000000",
      "ticketPrice_LYX": 0.001,
      "maxTickets": 10,
      "ticketsSold": 2,
      "prizePool": "11960000000000000",
      "prizePool_LYX": 0.01196,
      "startTime": 1753209084,
      "endTime": 1753209144,
      "minParticipants": 1,
      "platformFeePercent": 500,
      "isCompleted": true,
      "isCancelled": false,
      "participantCount": 1,
      "monthlyPoolContribution": "40000000000000",
      "isActive": false,
      "timeRemaining": 0
    }
  ],
  "total_draws_checked": 2,
  "errors": [],
  "summary": {
    "total_active_draws": 1,
    "total_active_prize_pool_LYX": 2.75,
    "total_participants": 2,
    "average_ticket_price_LYX": 0.1255
  }
}